{"Epoch": 0.0025, "loss": 0.06867863237857819, "steps_time": 11.554792165756226, "gradient norms": 0.1518157422542572, "parameters norms": 131.30320739746094, "lr": 0.0001, "_timestamp": 1701988548.6890907, "_runtime": 86.8635847568512, "_step": 6, "_wandb": {"runtime": 91}}