{"Epoch": 0.0025, "loss": 0.06660279631614685, "steps_time": 11.633678674697876, "gradient norms": 0.18278825283050537, "parameters norms": 131.3119659423828, "lr": 0.0001, "_timestamp": 1701988839.5818172, "_runtime": 86.73714017868042, "_step": 6, "_wandb": {"runtime": 87}}